{
  "teams": [
    {
      "name": "Angular",
      "short_name": "NG",
      "description": "Best Ever!",
      "password": "123",
      "members": [
        {
          "id": "19824",
          "name": "Albert Sanchez"
        }
      ]
    },
    {
      "name": "Backbone",
      "short_name": "BB",
      "description": "Never understood",
      "password": "qwe",
      "members": [
        {
          "id": "",
          "name": ""
        }
      ]
    },
    {
      "name": "Ember",
      "short_name": "EM",
      "description": "wtf?",
      "password": "asd",
      "members": [
        {
          "id": "",
          "name": ""
        }
      ]
    },
    {
      "name": "Knockout",
      "short_name": "KO",
      "description": "meeh",
      "password": "zxc",
      "members": [
        {
          "id": "",
          "name": ""
        }
      ]
    }
  ],
  "register": [
    {
      "title": "Register",
      "description": "In order to register to this event, please send an email to me@cetys.mx by sendind the name and matricula of every student"
    },
    {
      "title": "Rules",
      "description": "No mas de 5 miembros blablabal"
    },
    {
      "title": "Sponsors",
      "description": "Coca-Cola, Fimbres Logos, Ingenium, Tooginos, etc."
    },
    {
      "title": "Help",
      "description": "Para cualquier duda o aclaracion favor de comunicarse aqui:"
    },
    {
      "title": "Credits",
      "description": "This app was made by students of CETYS University, and using some amazing technologies such as Proximi.io, Ionic Framework and Firebase"
    }
  ]
}
